first_name,last_name,surname,company,mobile,work
Jerome,Bell,,L'Or√©al,,(209) 555-0104
Cooper,Higginbotham,,Economist,,(907) 777-0101
Darlene,Robertson,,Ferrari,(201) 555-0124,
Kristin,Watson,,Johnson & Johnson,(307) 555-0133,
Leslie,Alexander,,The Walt Disney Company,,(671) 555-0110
Jenny,Wilson,,Louis Vuitton,(229) 555-0109,
Kathryn,Murphy,,Mitsubishi,,(217) 555-0113
Alfred,Chappell,,Psychologist,,(229) 777-0109
Dominique,Whitman,,Bus Driver,(308) 777-0121,
Jaya,Coffman,,Social Worker,(671) 777-0110,
Esther,Howard,,Bank of America,(319) 555-0115,
Wade,Warren,,eBay,,(308) 555-0121
Dianne,Russell,,,,(629) 555-0129
Todd,Neal,,Maintenance & Repair Worker,(307) 777-0133,
Brooklyn,Simmons,,The Walt Disney Company,(480) 555-0103,
Darrell,Steward,,The Walt Disney Company,(219) 555-0114,
Bessie,Cooper,,MasterCard,(239) 555-0108,
Dennis,Boyce,,Physicist,,(225) 777-0118
Denis,Lively,,School Counselor,(704) 777-0127,
Elissa,Quick,,Radiologic Technologist,(205) 777-0100,
Travon,Tracy,,Occupational Therapist,(219) 777-0114,
Naomi, Orozco,,Elementary School Teacher,(217) 777-0113,
Cody,Fisher,,Facebook,(704) 555-0127,
